{"name":"947d421f-38bd-4565-9d52-6f7879dba00b","id":"/providers/Microsoft.Flow/flows/947d421f-38bd-4565-9d52-6f7879dba00b","type":"Microsoft.Flow/flows","properties":{"apiId":"/providers/Microsoft.PowerApps/apis/shared_logicflows","displayName":"PVA - Take back your time; Let AI do the work for you! - Demo 4","definition":{"$schema":"https://schema.management.azure.com/providers/Microsoft.Logic/schemas/2016-06-01/workflowdefinition.json#","contentVersion":"1.0.0.0","parameters":{"$connections":{"defaultValue":{},"type":"Object"},"$authentication":{"defaultValue":{},"type":"SecureObject"}},"triggers":{"manual":{"type":"Request","kind":"VirtualAgent","inputs":{"schema":{"type":"object","properties":{"text":{"title":"Customer","type":"string","x-ms-dynamically-added":true,"description":"For which customer would you like to get the approval?","x-ms-content-hint":"TEXT"},"text_1":{"title":"Month","type":"string","x-ms-dynamically-added":true,"description":"For which month would you like to get the approval?","x-ms-content-hint":"TEXT"}},"required":["text","text_1"]}}}},"actions":{"List_folder":{"runAfter":{},"metadata":{"%252fShared%2bDocuments%252fTimesheets":"/Shared Documents/Timesheets"},"type":"OpenApiConnection","inputs":{"host":{"connectionName":"shared_sharepointonline","operationId":"ListFolder","apiId":"/providers/Microsoft.PowerApps/apis/shared_sharepointonline"},"parameters":{"dataset":"https://eldertnet.sharepoint.com/sites/TakeBackYourTimeLetAIDoTheWorkForYou","id":"%252fShared%2bDocuments%252fTimesheets"},"authentication":"@parameters('$authentication')"}},"Check_if_file_found":{"actions":{"SharePoint_file_was_found":{"runAfter":{},"type":"Response","kind":"VirtualAgent","inputs":{"statusCode":200,"body":{"link":"https://eldertnet.sharepoint.com/sites/TakeBackYourTimeLetAIDoTheWorkForYou@{replace(first(body('Filter_SharePoint_files'))?['Path'], ' ', '%20')}","filefound":true},"schema":{"type":"object","properties":{"link":{"title":"Link","x-ms-dynamically-added":true,"type":"string"},"filefound":{"title":"FileFound","x-ms-dynamically-added":true,"type":"boolean"}}}}}},"runAfter":{"Filter_SharePoint_files":["Succeeded"]},"else":{"actions":{"Get_OneDrive_files":{"actions":{"Delay":{"runAfter":{},"type":"Wait","inputs":{"interval":{"count":5,"unit":"Second"}}},"List_files_in_folder":{"runAfter":{"Delay":["Succeeded"]},"metadata":{"3FE8758B2C2B58D2!411763":"/Sessions/Take-back-your-time-Let-AI-do-the-work-for-you/assets/demos/demo-4"},"type":"OpenApiConnection","inputs":{"host":{"connectionName":"shared_onedrive","operationId":"ListFolderV2","apiId":"/providers/Microsoft.PowerApps/apis/shared_onedrive"},"parameters":{"id":"3FE8758B2C2B58D2!411763"},"authentication":"@parameters('$authentication')"}},"Filter_OneDrive_files":{"runAfter":{"List_files_in_folder":["Succeeded"]},"type":"Query","inputs":{"from":"@outputs('List_files_in_folder')?['body/value']","where":"@startsWith(item()?['Name'], triggerBody()['text'])"}}},"runAfter":{"Run_a_flow_built_by_Power_Automate_Desktop_(preview)":["Succeeded"]},"expression":"@greaterOrEquals(length(body('Filter_OneDrive_files')), 1)","limit":{"count":60,"timeout":"PT1H"},"type":"Until"},"Get_response":{"actions":{"Delay_2":{"runAfter":{},"type":"Wait","inputs":{"interval":{"count":10,"unit":"Second"}}},"Get_emails_(V3)":{"runAfter":{"Delay_2":["Succeeded"]},"type":"OpenApiConnection","inputs":{"host":{"connectionName":"shared_office365_2","operationId":"GetEmailsV3","apiId":"/providers/Microsoft.PowerApps/apis/shared_office365"},"parameters":{"folderPath":"Inbox","from":"eldert@eldert.org","fetchOnlyUnread":true,"includeAttachments":false,"top":10,"importance":"Any","fetchOnlyWithAttachment":true},"authentication":"@parameters('$authentication')"}}},"runAfter":{"For_each_OneDrive_file":["Succeeded"]},"expression":"@greaterOrEquals(length(outputs('Get_emails_(V3)')?['body/value']), 1)","limit":{"count":60,"timeout":"PT5M"},"type":"Until"},"For_each_OneDrive_file":{"foreach":"@body('Filter_OneDrive_files')","actions":{"Send_an_email_(V2)":{"runAfter":{"Get_file_content":["Succeeded"]},"type":"OpenApiConnection","inputs":{"host":{"connectionName":"shared_office365_1","operationId":"SendEmailV2","apiId":"/providers/Microsoft.PowerApps/apis/shared_office365"},"parameters":{"emailMessage/To":"@{items('For_each_OneDrive_file')?['NameNoExt']}@eldert.org","emailMessage/Subject":"@{items('For_each_OneDrive_file')?['NameNoExt']} - Please approve the attached timesheet","emailMessage/Body":"<p>Hi,<br>\n<br>\nCan you please sign the attached timeheet, and send it back with a reply on this email.<br>\n<br>\nCheers,<br>\nEldert</p>","emailMessage/Attachments":[{"Name":"@items('For_each_OneDrive_file')?['Name']","ContentBytes":"@outputs('Get_file_content')?['body']"}]},"authentication":"@parameters('$authentication')"}},"Get_file_content":{"runAfter":{},"type":"OpenApiConnection","inputs":{"host":{"connectionName":"shared_onedrive","operationId":"GetFileContent","apiId":"/providers/Microsoft.PowerApps/apis/shared_onedrive"},"parameters":{"id":"@items('For_each_OneDrive_file')?['Id']","inferContentType":true},"authentication":"@parameters('$authentication')"}}},"runAfter":{"Get_OneDrive_files":["Succeeded"]},"type":"Foreach"},"Loop_through_emails":{"foreach":"@outputs('Get_emails_(fix_for_Do_Until_issue)')?['body/value']","actions":{"Loop_through_attachments":{"foreach":"@items('Loop_through_emails')?['attachments']","actions":{"Create_blob":{"runAfter":{},"type":"OpenApiConnection","inputs":{"host":{"connectionName":"shared_azureblob","operationId":"CreateFile","apiId":"/providers/Microsoft.PowerApps/apis/shared_azureblob"},"parameters":{"folderPath":"/upload","name":"@items('Loop_through_attachments')?['name']","body":"@items('Loop_through_attachments')?['contentBytes']"},"authentication":"@parameters('$authentication')"},"runtimeConfiguration":{"contentTransfer":{"transferMode":"Chunked"}}},"Create_SAS_URI_by_path":{"runAfter":{"Create_blob":["Succeeded"]},"type":"OpenApiConnection","inputs":{"host":{"connectionName":"shared_azureblob","operationId":"CreateShareLinkByPath","apiId":"/providers/Microsoft.PowerApps/apis/shared_azureblob"},"parameters":{"path":"@outputs('Create_blob')?['body/Path']","policy/Permissions":"Read"},"authentication":"@parameters('$authentication')"}},"Analyze":{"runAfter":{"Create_SAS_URI_by_path":["Succeeded"]},"type":"Http","inputs":{"method":"POST","uri":"https://westeurope.api.cognitive.microsoft.com/formrecognizer/v2.0/custom/models/7bcf9933-e7a1-49c6-ac32-db9ea61cdf71/analyze","headers":{"Content-Type":"application/json","Ocp-Apim-Subscription-Key":"472240a7c4bb448997bedb357d983216"},"body":{"source":"@{outputs('Create_SAS_URI_by_path')?['body/WebUrl']}"},"retryPolicy":{"type":"none"}}},"Do_until":{"actions":{"Delay_3":{"runAfter":{},"type":"Wait","inputs":{"interval":{"count":5,"unit":"Second"}}},"Get_results":{"runAfter":{"Delay_3":["Succeeded"]},"type":"Http","inputs":{"method":"GET","uri":"@{outputs('Analyze')['headers']?['Operation-Location']}","headers":{"Ocp-Apim-Subscription-Key":"472240a7c4bb448997bedb357d983216"},"retryPolicy":{"type":"none"}}}},"runAfter":{"Analyze":["Succeeded"]},"expression":"@equals(body('Get_results')?['status'], 'succeeded')","limit":{"count":60,"timeout":"PT5M"},"type":"Until"},"Condition":{"actions":{"Create_file":{"runAfter":{},"type":"OpenApiConnection","inputs":{"host":{"connectionName":"shared_sharepointonline","operationId":"CreateFile","apiId":"/providers/Microsoft.PowerApps/apis/shared_sharepointonline"},"parameters":{"dataset":"https://eldertnet.sharepoint.com/sites/TakeBackYourTimeLetAIDoTheWorkForYou","folderPath":"/Shared Documents/Timesheets","name":"@{triggerBody()['text']}-@{triggerBody()['text_1']}.pdf","body":"@items('Loop_through_attachments')?['contentBytes']"},"authentication":"@parameters('$authentication')"},"runtimeConfiguration":{"contentTransfer":{"transferMode":"Chunked"}}},"Send_email_approval_succeeded":{"runAfter":{"Create_file":["Succeeded"]},"type":"OpenApiConnection","inputs":{"host":{"connectionName":"shared_office365_2","operationId":"SendEmailV2","apiId":"/providers/Microsoft.PowerApps/apis/shared_office365"},"parameters":{"emailMessage/To":"eldert@eldert.net","emailMessage/Subject":"Approval succeeded","emailMessage/Body":"<p>The timesheet for @{triggerBody()['text']} of @{triggerBody()['text_1']} is now available at https://eldertnet.sharepoint.com/sites/TakeBackYourTimeLetAIDoTheWorkForYou@{replace(outputs('Create_file')?['body/Path'], ' ', '%20')}.</p>"},"authentication":"@parameters('$authentication')"}}},"runAfter":{"Do_until":["Succeeded"]},"else":{"actions":{"Send_email_approval_failed":{"runAfter":{},"type":"OpenApiConnection","inputs":{"host":{"connectionName":"shared_office365_2","operationId":"SendEmailV2","apiId":"/providers/Microsoft.PowerApps/apis/shared_office365"},"parameters":{"emailMessage/To":"eldert@eldert.net","emailMessage/Subject":"Approval failed","emailMessage/Body":"<p>The timesheet for @{triggerBody()['text']} of @{triggerBody()['text_1']} was not approved.</p>"},"authentication":"@parameters('$authentication')"}}}},"expression":{"greater":["@length(coalesce(first(outputs('Get_results')?['body']?['analyzeResult']?['documentResults'])?['fields']?['Signature']?['valueString'], ''))",0]},"type":"If"}},"runAfter":{},"type":"Foreach"}},"runAfter":{"Get_emails_(fix_for_Do_Until_issue)":["Succeeded"]},"type":"Foreach"},"Run_a_flow_built_by_Power_Automate_Desktop_(preview)":{"runAfter":{"Return_value(s)_to_Power_Virtual_Agents":["Succeeded","Skipped"]},"type":"OpenApiConnection","inputs":{"host":{"connectionName":"shared_uiflow","operationId":"RunUIFlow_V2","apiId":"/providers/Microsoft.PowerApps/apis/shared_uiflow"},"parameters":{"uiFlowId":"87f1d5a4-6518-49c8-9507-cb108f8a3311","runMode":"attended","item/DownloadsPath":"C:\\Users\\Eldert\\Downloads","item/DemoAssetsPath":"C:\\Users\\Eldert\\OneDrive\\Sessions\\Take-back-your-time-Let-AI-do-the-work-for-you\\assets\\demos\\demo-4"},"authentication":"@parameters('$authentication')"}},"Return_value(s)_to_Power_Virtual_Agents":{"runAfter":{},"type":"Response","kind":"VirtualAgent","inputs":{"statusCode":200,"body":{"link":"-","filefound":"False"},"schema":{"type":"object","properties":{"link":{"title":"Link","x-ms-dynamically-added":true,"type":"string"},"filefound":{"title":"FileFound","x-ms-dynamically-added":true,"type":"boolean"}}}}},"Get_emails_(fix_for_Do_Until_issue)":{"runAfter":{"Get_response":["Succeeded"]},"type":"OpenApiConnection","inputs":{"host":{"connectionName":"shared_office365_2","operationId":"GetEmailsV3","apiId":"/providers/Microsoft.PowerApps/apis/shared_office365"},"parameters":{"folderPath":"Inbox","from":"eldert@eldert.org","fetchOnlyUnread":true,"includeAttachments":true,"top":10,"importance":"Any","fetchOnlyWithAttachment":true},"authentication":"@parameters('$authentication')"}}}},"expression":{"greaterOrEquals":["@length(body('Filter_SharePoint_files'))",1]},"type":"If"},"Filter_SharePoint_files":{"runAfter":{"List_folder":["Succeeded"]},"type":"Query","inputs":{"from":"@outputs('List_folder')?['body']","where":"@startsWith(item()?['Name'], concat(triggerBody()['text'], '-', triggerBody()['text_1']))"}}},"outputs":{},"description":"Call this flow from Power Virtual Agents."},"connectionReferences":{"shared_sharepointonline":{"connectionName":"shared-sharepointonl-aec1b086-3195-452e-8537-246a-f7ffbcbf","source":"Embedded","id":"/providers/Microsoft.PowerApps/apis/shared_sharepointonline","tier":"NotSpecified"},"shared_onedrive":{"connectionName":"shared-onedrive-3299945b-9913-4642-b1ed-5580-f66e07b9","source":"Embedded","id":"/providers/Microsoft.PowerApps/apis/shared_onedrive","tier":"NotSpecified"},"shared_office365_2":{"connectionName":"shared-office365-cc22da98-aad9-45d1-80f3-2ae9-e03923c8","source":"Embedded","id":"/providers/Microsoft.PowerApps/apis/shared_office365","tier":"NotSpecified"},"shared_office365_1":{"connectionName":"shared-office365-aaa219dd-7a0b-42fc-b419-59db-2e59a7b0","source":"Embedded","id":"/providers/Microsoft.PowerApps/apis/shared_office365","tier":"NotSpecified"},"shared_azureblob":{"connectionName":"shared-azureblob-015d4fbb-5f4a-4704-9f90-50ef-f8f4e697","source":"Embedded","id":"/providers/Microsoft.PowerApps/apis/shared_azureblob","tier":"NotSpecified"},"shared_uiflow":{"connectionName":"shared-uiflow-65b2dff7-c632-4e98-b247-10d6-aa29119b","source":"Embedded","id":"/providers/Microsoft.PowerApps/apis/shared_uiflow","tier":"NotSpecified"}},"flowFailureAlertSubscribed":false}}