<bot_botcomponentset>
  <bot_botcomponent botcomponentid.schemaname="new_topic_b21f44ff7f8b4a6b98c0f7756fe04f6c_aeabea4d071f415c8c107e1cb7af5424_assumedsuccess" botid.schemaname="new_bot_b21f44ff7f8b4a6b98c0f7756fe04f6c">
    <iscustomizable>1</iscustomizable>
  </bot_botcomponent>
  <bot_botcomponent botcomponentid.schemaname="new_topic_b21f44ff7f8b4a6b98c0f7756fe04f6c_db1f76b081dc43389df9dd2df7518737_confirmedsuccess" botid.schemaname="new_bot_b21f44ff7f8b4a6b98c0f7756fe04f6c">
    <iscustomizable>1</iscustomizable>
  </bot_botcomponent>
  <bot_botcomponent botid.schemaname="new_bot_b21f44ff7f8b4a6b98c0f7756fe04f6c" botcomponentid.schemaname="new_topic_b21f44ff7f8b4a6b98c0f7756fe04f6c_d2198a5ee41a48a5bf70ab8970145a9f_confirmedfailure">
    <iscustomizable>1</iscustomizable>
  </bot_botcomponent>
  <bot_botcomponent botid.schemaname="new_bot_b21f44ff7f8b4a6b98c0f7756fe04f6c" botcomponentid.schemaname="new_topic_b21f44ff7f8b4a6b98c0f7756fe04f6c_f56d1a3e522740c78f9fac0939332dbd_goodbye">
    <iscustomizable>1</iscustomizable>
  </bot_botcomponent>
  <bot_botcomponent botid.schemaname="new_bot_b21f44ff7f8b4a6b98c0f7756fe04f6c" botcomponentid.schemaname="new_customtype_b21f44ff7f8b4a6b98c0f7756fe04f6c_92610204747047ac8f788f7eecd91118">
    <iscustomizable>1</iscustomizable>
  </bot_botcomponent>
  <bot_botcomponent botid.schemaname="new_bot_b21f44ff7f8b4a6b98c0f7756fe04f6c" botcomponentid.schemaname="new_topic_b21f44ff7f8b4a6b98c0f7756fe04f6c_8a4964498f83424bb3a86295bf7d0952_startover">
    <iscustomizable>1</iscustomizable>
  </bot_botcomponent>
  <bot_botcomponent botcomponentid.schemaname="new_topic_b21f44ff7f8b4a6b98c0f7756fe04f6c_3d2584ec30914684839527e05e7be172_thankyou" botid.schemaname="new_bot_b21f44ff7f8b4a6b98c0f7756fe04f6c">
    <iscustomizable>1</iscustomizable>
  </bot_botcomponent>
  <bot_botcomponent botid.schemaname="new_bot_b21f44ff7f8b4a6b98c0f7756fe04f6c" botcomponentid.schemaname="new_customtype_b21f44ff7f8b4a6b98c0f7756fe04f6c_f86fcadfd497444e91ed11c12b059d10">
    <iscustomizable>1</iscustomizable>
  </bot_botcomponent>
  <bot_botcomponent botcomponentid.schemaname="new_topic_209ee7a1f77a4e79a07ecb4074c20806" botid.schemaname="new_bot_b21f44ff7f8b4a6b98c0f7756fe04f6c">
    <iscustomizable>1</iscustomizable>
  </bot_botcomponent>
  <bot_botcomponent botcomponentid.schemaname="new_customtype_110ca380839d40deb48fe6edd46a53d2" botid.schemaname="new_bot_b21f44ff7f8b4a6b98c0f7756fe04f6c">
    <iscustomizable>1</iscustomizable>
  </bot_botcomponent>
  <bot_botcomponent botid.schemaname="new_bot_b21f44ff7f8b4a6b98c0f7756fe04f6c" botcomponentid.schemaname="new_topic_b21f44ff7f8b4a6b98c0f7756fe04f6c_ba7b967c97ba4c39bca58a8bb6a72d59_conversationstart">
    <iscustomizable>1</iscustomizable>
  </bot_botcomponent>
  <bot_botcomponent botid.schemaname="new_bot_b21f44ff7f8b4a6b98c0f7756fe04f6c" botcomponentid.schemaname="new_topic_b21f44ff7f8b4a6b98c0f7756fe04f6c_954135cafcd647eaae5999ad91fc08cf_talktoagent">
    <iscustomizable>1</iscustomizable>
  </bot_botcomponent>
</bot_botcomponentset>