<botcomponent_botcomponentset>
  <botcomponent_botcomponent botcomponentidtwo.schemaname="new_customtype_110ca380839d40deb48fe6edd46a53d2" botcomponentidone.schemaname="new_topic_209ee7a1f77a4e79a07ecb4074c20806">
    <iscustomizable>1</iscustomizable>
  </botcomponent_botcomponent>
  <botcomponent_botcomponent botcomponentidone.schemaname="new_topic_b21f44ff7f8b4a6b98c0f7756fe04f6c_aeabea4d071f415c8c107e1cb7af5424_assumedsuccess" botcomponentidtwo.schemaname="new_topic_b21f44ff7f8b4a6b98c0f7756fe04f6c_db1f76b081dc43389df9dd2df7518737_confirmedsuccess">
    <iscustomizable>1</iscustomizable>
  </botcomponent_botcomponent>
  <botcomponent_botcomponent botcomponentidtwo.schemaname="new_topic_b21f44ff7f8b4a6b98c0f7756fe04f6c_d2198a5ee41a48a5bf70ab8970145a9f_confirmedfailure" botcomponentidone.schemaname="new_topic_b21f44ff7f8b4a6b98c0f7756fe04f6c_aeabea4d071f415c8c107e1cb7af5424_assumedsuccess">
    <iscustomizable>1</iscustomizable>
  </botcomponent_botcomponent>
  <botcomponent_botcomponent botcomponentidtwo.schemaname="new_topic_b21f44ff7f8b4a6b98c0f7756fe04f6c_f56d1a3e522740c78f9fac0939332dbd_goodbye" botcomponentidone.schemaname="new_topic_b21f44ff7f8b4a6b98c0f7756fe04f6c_db1f76b081dc43389df9dd2df7518737_confirmedsuccess">
    <iscustomizable>1</iscustomizable>
  </botcomponent_botcomponent>
  <botcomponent_botcomponent botcomponentidtwo.schemaname="new_customtype_b21f44ff7f8b4a6b98c0f7756fe04f6c_92610204747047ac8f788f7eecd91118" botcomponentidone.schemaname="new_topic_b21f44ff7f8b4a6b98c0f7756fe04f6c_db1f76b081dc43389df9dd2df7518737_confirmedsuccess">
    <iscustomizable>1</iscustomizable>
  </botcomponent_botcomponent>
  <botcomponent_botcomponent botcomponentidone.schemaname="new_topic_b21f44ff7f8b4a6b98c0f7756fe04f6c_d2198a5ee41a48a5bf70ab8970145a9f_confirmedfailure" botcomponentidtwo.schemaname="new_topic_b21f44ff7f8b4a6b98c0f7756fe04f6c_954135cafcd647eaae5999ad91fc08cf_talktoagent">
    <iscustomizable>1</iscustomizable>
  </botcomponent_botcomponent>
  <botcomponent_botcomponent botcomponentidone.schemaname="new_topic_b21f44ff7f8b4a6b98c0f7756fe04f6c_8a4964498f83424bb3a86295bf7d0952_startover" botcomponentidtwo.schemaname="new_topic_b21f44ff7f8b4a6b98c0f7756fe04f6c_ba7b967c97ba4c39bca58a8bb6a72d59_conversationstart">
    <iscustomizable>1</iscustomizable>
  </botcomponent_botcomponent>
</botcomponent_botcomponentset>