{
    "$schema": "https://schema.management.azure.com/schemas/2015-01-01/deploymentParameters.json#",
    "contentVersion": "1.0.0.0",
    "parameters": {
        "vaults_kv_take_back_your_time_name": {
            "value": null
        },
        "storageAccounts_sttakebackyourtime_name": {
            "value": null
        },
        "networkInterfaces_vm_take_back_your_ti995_name": {
            "value": null
        },
        "virtualMachines_vm_take_back_your_time_let_ai_do_the_work_for_you_name": {
            "value": null
        },
        "connectionGateways_odgw_take_back_your_time_let_ai_do_the_work_for_you_name": {
            "value": null
        },
        "accounts_fr_take_back_your_time_let_ai_do_the_work_for_you_name": {
            "value": null
        },
        "publicIPAddresses_pip_take_back_your_time_let_ai_do_the_work_for_you_ip_name": {
            "value": null
        },
        "virtualNetworks_vnet_take_back_your_time_let_ai_do_the_work_for_you_vnet_name": {
            "value": null
        },
        "networkSecurityGroups_vm_take_back_your_time_let_ai_do_the_work_for_you_nsg_name": {
            "value": null
        },
        "schedules_shutdown_computevm_vm_take_back_your_time_let_ai_do_the_work_for_you_name": {
            "value": null
        }
    }
}