{
    "$schema": "https://schema.management.azure.com/schemas/2019-04-01/deploymentTemplate.json#",
    "contentVersion": "1.0.0.0",
    "parameters": {
        "vaults_kv_take_back_your_time_name": {
            "defaultValue": "kv-take-back-your-time",
            "type": "String"
        },
        "storageAccounts_sttakebackyourtime_name": {
            "defaultValue": "sttakebackyourtime",
            "type": "String"
        },
        "networkInterfaces_vm_take_back_your_ti995_name": {
            "defaultValue": "vm-take-back-your-ti995",
            "type": "String"
        },
        "virtualMachines_vm_take_back_your_time_let_ai_do_the_work_for_you_name": {
            "defaultValue": "vm-take-back-your-time-let-ai-do-the-work-for-you",
            "type": "String"
        },
        "connectionGateways_odgw_take_back_your_time_let_ai_do_the_work_for_you_name": {
            "defaultValue": "odgw-take-back-your-time-let-ai-do-the-work-for-you",
            "type": "String"
        },
        "accounts_fr_take_back_your_time_let_ai_do_the_work_for_you_name": {
            "defaultValue": "fr-take-back-your-time-let-ai-do-the-work-for-you",
            "type": "String"
        },
        "publicIPAddresses_pip_take_back_your_time_let_ai_do_the_work_for_you_ip_name": {
            "defaultValue": "pip-take-back-your-time-let-ai-do-the-work-for-you-ip",
            "type": "String"
        },
        "virtualNetworks_vnet_take_back_your_time_let_ai_do_the_work_for_you_vnet_name": {
            "defaultValue": "vnet-take-back-your-time-let-ai-do-the-work-for-you-vnet",
            "type": "String"
        },
        "networkSecurityGroups_vm_take_back_your_time_let_ai_do_the_work_for_you_nsg_name": {
            "defaultValue": "vm-take-back-your-time-let-ai-do-the-work-for-you-nsg",
            "type": "String"
        },
        "schedules_shutdown_computevm_vm_take_back_your_time_let_ai_do_the_work_for_you_name": {
            "defaultValue": "shutdown-computevm-vm-take-back-your-time-let-ai-do-the-work-for-you",
            "type": "String"
        }
    },
    "variables": {},
    "resources": [
        {
            "type": "Microsoft.CognitiveServices/accounts",
            "apiVersion": "2021-10-01",
            "name": "[parameters('accounts_fr_take_back_your_time_let_ai_do_the_work_for_you_name')]",
            "location": "westeurope",
            "tags": {
                "Project": "Take back your time; Let AI do the work for you!",
                "Purpose": "Session",
                "LastModifiedDate": "30-09-2020 22:45:00",
                "CreationDate": "21-9-2020 16:48:05"
            },
            "sku": {
                "name": "F0"
            },
            "kind": "FormRecognizer",
            "properties": {
                "customSubDomainName": "[parameters('accounts_fr_take_back_your_time_let_ai_do_the_work_for_you_name')]",
                "publicNetworkAccess": "Enabled"
            }
        },
        {
            "type": "Microsoft.KeyVault/vaults",
            "apiVersion": "2021-06-01-preview",
            "name": "[parameters('vaults_kv_take_back_your_time_name')]",
            "location": "westeurope",
            "tags": {
                "CreationDate": "21-9-2020 16:48:05",
                "Project": "Take back your time; Let AI do the work for you!",
                "Purpose": "Session"
            },
            "properties": {
                "sku": {
                    "family": "A",
                    "name": "Standard"
                },
                "tenantId": "57e893e0-396b-44c6-b6ae-532f44033433",
                "accessPolicies": [
                    {
                        "tenantId": "57e893e0-396b-44c6-b6ae-532f44033433",
                        "objectId": "2fe35e55-b3ac-4c86-a18f-97ef0dc4615d",
                        "permissions": {
                            "keys": [
                                "Get",
                                "List",
                                "Update",
                                "Create",
                                "Import",
                                "Delete",
                                "Recover",
                                "Backup",
                                "Restore"
                            ],
                            "secrets": [
                                "Get",
                                "List",
                                "Set",
                                "Delete",
                                "Recover",
                                "Backup",
                                "Restore"
                            ],
                            "certificates": [
                                "Get",
                                "List",
                                "Update",
                                "Create",
                                "Import",
                                "Delete",
                                "Recover",
                                "Backup",
                                "Restore",
                                "ManageContacts",
                                "ManageIssuers",
                                "GetIssuers",
                                "ListIssuers",
                                "SetIssuers",
                                "DeleteIssuers"
                            ]
                        }
                    },
                    {
                        "tenantId": "57e893e0-396b-44c6-b6ae-532f44033433",
                        "objectId": "91047b83-44eb-4e3a-923f-41fa64645783",
                        "permissions": {
                            "keys": [],
                            "secrets": [
                                "Get",
                                "List"
                            ],
                            "certificates": []
                        }
                    }
                ],
                "enabledForDeployment": false,
                "enabledForDiskEncryption": false,
                "enabledForTemplateDeployment": false,
                "enableSoftDelete": true,
                "softDeleteRetentionInDays": 90,
                "enableRbacAuthorization": false,
                "vaultUri": "[concat('https://', parameters('vaults_kv_take_back_your_time_name'), '.vault.azure.net/')]",
                "provisioningState": "Succeeded",
                "publicNetworkAccess": "Enabled"
            }
        },
        {
            "type": "Microsoft.Network/networkSecurityGroups",
            "apiVersion": "2020-11-01",
            "name": "[parameters('networkSecurityGroups_vm_take_back_your_time_let_ai_do_the_work_for_you_nsg_name')]",
            "location": "westeurope",
            "tags": {
                "CreationDate": "21-9-2020 16:48:05",
                "Project": "Take back your time; Let AI do the work for you!",
                "Purpose": "Session"
            },
            "properties": {
                "securityRules": [
                    {
                        "name": "RDP",
                        "properties": {
                            "protocol": "TCP",
                            "sourcePortRange": "*",
                            "destinationPortRange": "3389",
                            "sourceAddressPrefix": "*",
                            "destinationAddressPrefix": "*",
                            "access": "Allow",
                            "priority": 300,
                            "direction": "Inbound",
                            "sourcePortRanges": [],
                            "destinationPortRanges": [],
                            "sourceAddressPrefixes": [],
                            "destinationAddressPrefixes": []
                        }
                    }
                ]
            }
        },
        {
            "type": "Microsoft.Network/publicIPAddresses",
            "apiVersion": "2020-11-01",
            "name": "[parameters('publicIPAddresses_pip_take_back_your_time_let_ai_do_the_work_for_you_ip_name')]",
            "location": "westeurope",
            "tags": {
                "CreationDate": "21-9-2020 16:48:05",
                "Project": "Take back your time; Let AI do the work for you!",
                "Purpose": "Session"
            },
            "sku": {
                "name": "Basic",
                "tier": "Regional"
            },
            "properties": {
                "ipAddress": "52.232.125.226",
                "publicIPAddressVersion": "IPv4",
                "publicIPAllocationMethod": "Static",
                "idleTimeoutInMinutes": 4,
                "ipTags": []
            }
        },
        {
            "type": "Microsoft.Network/virtualNetworks",
            "apiVersion": "2020-11-01",
            "name": "[parameters('virtualNetworks_vnet_take_back_your_time_let_ai_do_the_work_for_you_vnet_name')]",
            "location": "westeurope",
            "tags": {
                "CreationDate": "21-9-2020 16:48:05",
                "Project": "Take back your time; Let AI do the work for you!",
                "Purpose": "Session"
            },
            "properties": {
                "addressSpace": {
                    "addressPrefixes": [
                        "10.0.0.0/24"
                    ]
                },
                "subnets": [
                    {
                        "name": "default",
                        "properties": {
                            "addressPrefix": "10.0.0.0/24",
                            "delegations": [],
                            "privateEndpointNetworkPolicies": "Enabled",
                            "privateLinkServiceNetworkPolicies": "Enabled"
                        }
                    }
                ],
                "virtualNetworkPeerings": [],
                "enableDdosProtection": false
            }
        },
        {
            "type": "Microsoft.Storage/storageAccounts",
            "apiVersion": "2021-06-01",
            "name": "[parameters('storageAccounts_sttakebackyourtime_name')]",
            "location": "westeurope",
            "tags": {
                "LastModifiedDate": "30-09-2020 22:51:00",
                "Project": "Take back your time; Let AI do the work for you!",
                "Purpose": "Session",
                "CreationDate": "21-9-2020 16:48:05"
            },
            "sku": {
                "name": "Standard_RAGRS",
                "tier": "Standard"
            },
            "kind": "StorageV2",
            "properties": {
                "minimumTlsVersion": "TLS1_2",
                "allowBlobPublicAccess": true,
                "networkAcls": {
                    "bypass": "AzureServices",
                    "virtualNetworkRules": [],
                    "ipRules": [],
                    "defaultAction": "Allow"
                },
                "supportsHttpsTrafficOnly": true,
                "encryption": {
                    "services": {
                        "file": {
                            "keyType": "Account",
                            "enabled": true
                        },
                        "blob": {
                            "keyType": "Account",
                            "enabled": true
                        }
                    },
                    "keySource": "Microsoft.Storage"
                },
                "accessTier": "Hot"
            }
        },
        {
            "type": "Microsoft.Web/connectionGateways",
            "apiVersion": "2016-06-01",
            "name": "[parameters('connectionGateways_odgw_take_back_your_time_let_ai_do_the_work_for_you_name')]",
            "location": "northeurope",
            "tags": {
                "CreationDate": "21-9-2020 16:48:05",
                "Project": "Take back your time; Let AI do the work for you!",
                "Purpose": "Session"
            },
            "properties": {
                "connectionGatewayInstallation": {
                    "location": "northeurope",
                    "name": "4cb9c4fb-1613-42b4-927f-9548825cf115",
                    "id": "/subscriptions/fdf3a3a3-c8f5-472f-8367-6a9a4a6c11a9/providers/Microsoft.Web/locations/northeurope/connectionGatewayInstallations/4cb9c4fb-1613-42b4-927f-9548825cf115",
                    "type": "Microsoft.Web/locations/connectionGatewayInstallations"
                },
                "contactInformation": [
                    "eldert@190920131958.onmicrosoft.com"
                ],
                "displayName": "[parameters('connectionGateways_odgw_take_back_your_time_let_ai_do_the_work_for_you_name')]",
                "machineName": "vm-take-back-yo",
                "status": "Installed",
                "backendUri": "https://WABI-EUROPE-NORTH-B-redirect.analysis.windows.net"
            }
        },
        {
            "type": "Microsoft.Compute/virtualMachines",
            "apiVersion": "2021-07-01",
            "name": "[parameters('virtualMachines_vm_take_back_your_time_let_ai_do_the_work_for_you_name')]",
            "location": "westeurope",
            "dependsOn": [
                "[resourceId('Microsoft.Network/networkInterfaces', parameters('networkInterfaces_vm_take_back_your_ti995_name'))]"
            ],
            "tags": {
                "CreationDate": "21-9-2020 16:48:05",
                "Project": "Take back your time; Let AI do the work for you!",
                "Purpose": "Session"
            },
            "properties": {
                "hardwareProfile": {
                    "vmSize": "Standard_D4s_v4"
                },
                "storageProfile": {
                    "imageReference": {
                        "publisher": "MicrosoftWindowsDesktop",
                        "offer": "Windows-10",
                        "sku": "20h1-pro",
                        "version": "latest"
                    },
                    "osDisk": {
                        "osType": "Windows",
                        "name": "vm-take-back-your-time-let-ai-do-the-workOS__1_980094dff45744f886973195b713f468",
                        "createOption": "FromImage",
                        "caching": "ReadWrite",
                        "managedDisk": {
                            "id": "[resourceId('Microsoft.Compute/disks', 'vm-take-back-your-time-let-ai-do-the-workOS__1_980094dff45744f886973195b713f468')]"
                        }
                    },
                    "dataDisks": []
                },
                "osProfile": {
                    "computerName": "vm-take-back-yo",
                    "adminUsername": "Eldert",
                    "windowsConfiguration": {
                        "provisionVMAgent": true,
                        "enableAutomaticUpdates": true,
                        "patchSettings": {
                            "patchMode": "AutomaticByOS",
                            "assessmentMode": "ImageDefault"
                        }
                    },
                    "secrets": [],
                    "allowExtensionOperations": true,
                    "requireGuestProvisionSignal": true
                },
                "networkProfile": {
                    "networkInterfaces": [
                        {
                            "id": "[resourceId('Microsoft.Network/networkInterfaces', parameters('networkInterfaces_vm_take_back_your_ti995_name'))]"
                        }
                    ]
                },
                "diagnosticsProfile": {
                    "bootDiagnostics": {
                        "enabled": true
                    }
                },
                "licenseType": "Windows_Client"
            }
        },
        {
            "type": "microsoft.devtestlab/schedules",
            "apiVersion": "2018-09-15",
            "name": "[parameters('schedules_shutdown_computevm_vm_take_back_your_time_let_ai_do_the_work_for_you_name')]",
            "location": "westeurope",
            "dependsOn": [
                "[resourceId('Microsoft.Compute/virtualMachines', parameters('virtualMachines_vm_take_back_your_time_let_ai_do_the_work_for_you_name'))]"
            ],
            "tags": {
                "CreationDate": "21-9-2020 16:48:05",
                "Project": "Take back your time; Let AI do the work for you!",
                "Purpose": "Session"
            },
            "properties": {
                "status": "Enabled",
                "taskType": "ComputeVmShutdownTask",
                "dailyRecurrence": {
                    "time": "2300"
                },
                "timeZoneId": "W. Europe Standard Time",
                "notificationSettings": {
                    "status": "Disabled",
                    "timeInMinutes": 30,
                    "notificationLocale": "en"
                },
                "targetResourceId": "[resourceId('Microsoft.Compute/virtualMachines', parameters('virtualMachines_vm_take_back_your_time_let_ai_do_the_work_for_you_name'))]"
            }
        },
        {
            "type": "Microsoft.KeyVault/vaults/secrets",
            "apiVersion": "2021-06-01-preview",
            "name": "[concat(parameters('vaults_kv_take_back_your_time_name'), '/TimeChimp-hagoj42991')]",
            "location": "westeurope",
            "dependsOn": [
                "[resourceId('Microsoft.KeyVault/vaults', parameters('vaults_kv_take_back_your_time_name'))]"
            ],
            "properties": {
                "attributes": {
                    "enabled": true
                }
            }
        },
        {
            "type": "Microsoft.Network/networkSecurityGroups/securityRules",
            "apiVersion": "2020-11-01",
            "name": "[concat(parameters('networkSecurityGroups_vm_take_back_your_time_let_ai_do_the_work_for_you_nsg_name'), '/RDP')]",
            "dependsOn": [
                "[resourceId('Microsoft.Network/networkSecurityGroups', parameters('networkSecurityGroups_vm_take_back_your_time_let_ai_do_the_work_for_you_nsg_name'))]"
            ],
            "properties": {
                "protocol": "TCP",
                "sourcePortRange": "*",
                "destinationPortRange": "3389",
                "sourceAddressPrefix": "*",
                "destinationAddressPrefix": "*",
                "access": "Allow",
                "priority": 300,
                "direction": "Inbound",
                "sourcePortRanges": [],
                "destinationPortRanges": [],
                "sourceAddressPrefixes": [],
                "destinationAddressPrefixes": []
            }
        },
        {
            "type": "Microsoft.Network/virtualNetworks/subnets",
            "apiVersion": "2020-11-01",
            "name": "[concat(parameters('virtualNetworks_vnet_take_back_your_time_let_ai_do_the_work_for_you_vnet_name'), '/default')]",
            "dependsOn": [
                "[resourceId('Microsoft.Network/virtualNetworks', parameters('virtualNetworks_vnet_take_back_your_time_let_ai_do_the_work_for_you_vnet_name'))]"
            ],
            "properties": {
                "addressPrefix": "10.0.0.0/24",
                "delegations": [],
                "privateEndpointNetworkPolicies": "Enabled",
                "privateLinkServiceNetworkPolicies": "Enabled"
            }
        },
        {
            "type": "Microsoft.Storage/storageAccounts/blobServices",
            "apiVersion": "2021-06-01",
            "name": "[concat(parameters('storageAccounts_sttakebackyourtime_name'), '/default')]",
            "dependsOn": [
                "[resourceId('Microsoft.Storage/storageAccounts', parameters('storageAccounts_sttakebackyourtime_name'))]"
            ],
            "sku": {
                "name": "Standard_RAGRS",
                "tier": "Standard"
            },
            "properties": {
                "cors": {
                    "corsRules": [
                        {
                            "allowedOrigins": [
                                "*"
                            ],
                            "allowedMethods": [
                                "DELETE",
                                "GET",
                                "MERGE",
                                "HEAD",
                                "OPTIONS",
                                "POST",
                                "PUT",
                                "PATCH"
                            ],
                            "maxAgeInSeconds": 200,
                            "exposedHeaders": [
                                "*"
                            ],
                            "allowedHeaders": [
                                "*"
                            ]
                        }
                    ]
                },
                "deleteRetentionPolicy": {
                    "enabled": false
                }
            }
        },
        {
            "type": "Microsoft.Storage/storageAccounts/fileServices",
            "apiVersion": "2021-06-01",
            "name": "[concat(parameters('storageAccounts_sttakebackyourtime_name'), '/default')]",
            "dependsOn": [
                "[resourceId('Microsoft.Storage/storageAccounts', parameters('storageAccounts_sttakebackyourtime_name'))]"
            ],
            "sku": {
                "name": "Standard_RAGRS",
                "tier": "Standard"
            },
            "properties": {
                "protocolSettings": {
                    "smb": {}
                },
                "cors": {
                    "corsRules": []
                }
            }
        },
        {
            "type": "Microsoft.Storage/storageAccounts/queueServices",
            "apiVersion": "2021-06-01",
            "name": "[concat(parameters('storageAccounts_sttakebackyourtime_name'), '/default')]",
            "dependsOn": [
                "[resourceId('Microsoft.Storage/storageAccounts', parameters('storageAccounts_sttakebackyourtime_name'))]"
            ],
            "properties": {
                "cors": {
                    "corsRules": []
                }
            }
        },
        {
            "type": "Microsoft.Storage/storageAccounts/tableServices",
            "apiVersion": "2021-06-01",
            "name": "[concat(parameters('storageAccounts_sttakebackyourtime_name'), '/default')]",
            "dependsOn": [
                "[resourceId('Microsoft.Storage/storageAccounts', parameters('storageAccounts_sttakebackyourtime_name'))]"
            ],
            "properties": {
                "cors": {
                    "corsRules": []
                }
            }
        },
        {
            "type": "Microsoft.Storage/storageAccounts/blobServices/containers",
            "apiVersion": "2021-06-01",
            "name": "[concat(parameters('storageAccounts_sttakebackyourtime_name'), '/default/share')]",
            "dependsOn": [
                "[resourceId('Microsoft.Storage/storageAccounts/blobServices', parameters('storageAccounts_sttakebackyourtime_name'), 'default')]",
                "[resourceId('Microsoft.Storage/storageAccounts', parameters('storageAccounts_sttakebackyourtime_name'))]"
            ],
            "properties": {
                "immutableStorageWithVersioning": {
                    "enabled": false
                },
                "defaultEncryptionScope": "$account-encryption-key",
                "denyEncryptionScopeOverride": false,
                "publicAccess": "Container"
            }
        },
        {
            "type": "Microsoft.Storage/storageAccounts/blobServices/containers",
            "apiVersion": "2021-06-01",
            "name": "[concat(parameters('storageAccounts_sttakebackyourtime_name'), '/default/timesheets')]",
            "dependsOn": [
                "[resourceId('Microsoft.Storage/storageAccounts/blobServices', parameters('storageAccounts_sttakebackyourtime_name'), 'default')]",
                "[resourceId('Microsoft.Storage/storageAccounts', parameters('storageAccounts_sttakebackyourtime_name'))]"
            ],
            "properties": {
                "immutableStorageWithVersioning": {
                    "enabled": false
                },
                "defaultEncryptionScope": "$account-encryption-key",
                "denyEncryptionScopeOverride": false,
                "publicAccess": "None"
            }
        },
        {
            "type": "Microsoft.Storage/storageAccounts/blobServices/containers",
            "apiVersion": "2021-06-01",
            "name": "[concat(parameters('storageAccounts_sttakebackyourtime_name'), '/default/upload')]",
            "dependsOn": [
                "[resourceId('Microsoft.Storage/storageAccounts/blobServices', parameters('storageAccounts_sttakebackyourtime_name'), 'default')]",
                "[resourceId('Microsoft.Storage/storageAccounts', parameters('storageAccounts_sttakebackyourtime_name'))]"
            ],
            "properties": {
                "immutableStorageWithVersioning": {
                    "enabled": false
                },
                "defaultEncryptionScope": "$account-encryption-key",
                "denyEncryptionScopeOverride": false,
                "publicAccess": "None"
            }
        },
        {
            "type": "Microsoft.Network/networkInterfaces",
            "apiVersion": "2020-11-01",
            "name": "[parameters('networkInterfaces_vm_take_back_your_ti995_name')]",
            "location": "westeurope",
            "dependsOn": [
                "[resourceId('Microsoft.Network/publicIPAddresses', parameters('publicIPAddresses_pip_take_back_your_time_let_ai_do_the_work_for_you_ip_name'))]",
                "[resourceId('Microsoft.Network/virtualNetworks/subnets', parameters('virtualNetworks_vnet_take_back_your_time_let_ai_do_the_work_for_you_vnet_name'), 'default')]",
                "[resourceId('Microsoft.Network/networkSecurityGroups', parameters('networkSecurityGroups_vm_take_back_your_time_let_ai_do_the_work_for_you_nsg_name'))]"
            ],
            "tags": {
                "CreationDate": "21-9-2020 16:48:05",
                "Project": "Take back your time; Let AI do the work for you!",
                "Purpose": "Session"
            },
            "properties": {
                "ipConfigurations": [
                    {
                        "name": "ipconfig1",
                        "properties": {
                            "privateIPAddress": "10.0.0.4",
                            "privateIPAllocationMethod": "Dynamic",
                            "publicIPAddress": {
                                "id": "[resourceId('Microsoft.Network/publicIPAddresses', parameters('publicIPAddresses_pip_take_back_your_time_let_ai_do_the_work_for_you_ip_name'))]"
                            },
                            "subnet": {
                                "id": "[resourceId('Microsoft.Network/virtualNetworks/subnets', parameters('virtualNetworks_vnet_take_back_your_time_let_ai_do_the_work_for_you_vnet_name'), 'default')]"
                            },
                            "primary": true,
                            "privateIPAddressVersion": "IPv4"
                        }
                    }
                ],
                "dnsSettings": {
                    "dnsServers": []
                },
                "enableAcceleratedNetworking": false,
                "enableIPForwarding": false,
                "networkSecurityGroup": {
                    "id": "[resourceId('Microsoft.Network/networkSecurityGroups', parameters('networkSecurityGroups_vm_take_back_your_time_let_ai_do_the_work_for_you_nsg_name'))]"
                }
            }
        }
    ]
}